eq,parm,estimate,stderr,z,p,min95,max95
1920,1916.year,.8131868131868132,.1272382908839209,6.391054198682069,1.64745970602e-10,.5638043455998971,1.062569280773729
1920,1917.year,0,0,,,0,0
1920,1918.year,0,0,,,0,0
1920,1919.year,1,0,,,1,1
1920,1920.year,-.1315789473684208,.3337188566125407,-.3942808287911299,.6933737157068445,-.785655887290887,.5224979925540454
1920,1921.year,-.1315789473684208,.3337188566125407,-.3942808287911299,.6933737157068445,-.785655887290887,.5224979925540454
1920,1922.year,.8684210526315792,.3337188566125407,2.602253470021463,.0092613374590617,.214344112709113,1.522497992554045
1920,1923.year,.8684210526315792,.3337188566125407,2.602253470021463,.0092613374590617,.214344112709113,1.522497992554045
1920,1924.year,1.868421052631579,.3337188566125407,5.598787768834055,2.15855857198e-08,1.214344112709113,2.522497992554045
1920,1925.year,1.868421052631579,.3337188566125407,5.598787768834055,2.15855857198e-08,1.214344112709113,2.522497992554045
1920,1926.year,2.868421052631579,.3337188566125407,8.595322067646649,8.30315885197e-18,2.214344112709113,3.522497992554046
1920,1927.year,3.868421052631579,.3337188566125407,11.59185636645924,4.53202229345e-31,3.214344112709113,4.522497992554046
1920,1928.year,3.868421052631579,.3337188566125407,11.59185636645924,4.53202229345e-31,3.214344112709113,4.522497992554046
1920,1929.year,3.868421052631579,.3337188566125407,11.59185636645924,4.53202229345e-31,3.214344112709113,4.522497992554046
1920,1930.year,4.868421052631579,.3337188566125407,14.58839066527183,3.32959652875e-48,4.214344112709113,5.522497992554045
1920,1931.year,0,0,,,0,0
1920,1932.year,0,0,,,0,0
1920,1933.year,0,0,,,0,0
1920,1934.year,0,0,,,0,0
1920,1935.year,0,0,,,0,0
1920,1950.year,0,0,,,0,0
1920,1951.year,0,0,,,0,0
1920,1952.year,0,0,,,0,0
1920,1953.year,0,0,,,0,0
1920,1954.year,0,0,,,0,0
1920,1955.year,0,0,,,0,0
1920,1956.year,0,0,,,0,0
1920,1957.year,0,0,,,0,0
1920,1958.year,0,0,,,0,0
1920,1959.year,0,0,,,0,0
1920,1960.year,0,0,,,0,0
1920,1961.year,0,0,,,0,0
1920,1962.year,0,0,,,0,0
1920,1963.year,0,0,,,0,0
1920,1964.year,0,0,,,0,0
1920,1965.year,0,0,,,0,0
1920,1966.year,0,0,,,0,0
1920,1967.year,0,0,,,0,0
1920,1968.year,0,0,,,0,0
1920,1969.year,0,0,,,0,0
1920,1970.year,0,0,,,0,0
1920,1971.year,0,0,,,0,0
1920,1972.year,0,0,,,0,0
1920,1973.year,0,0,,,0,0
1920,1974.year,0,0,,,0,0
1920,1975.year,0,0,,,0,0
1920,1976.year,0,0,,,0,0
1920,1977.year,0,0,,,0,0
1920,1978.year,0,0,,,0,0
1920,1979.year,0,0,,,0,0
1920,1980.year,0,0,,,0,0
1920,1981.year,0,0,,,0,0
1920,1982.year,0,0,,,0,0
1920,1983.year,0,0,,,0,0
1920,1984.year,0,0,,,0,0
1920,1985.year,0,0,,,0,0
1920,1986.year,0,0,,,0,0
1920,1987.year,0,0,,,0,0
1920,1988.year,0,0,,,0,0
1920,1989.year,0,0,,,0,0
1920,1990.year,0,0,,,0,0
1920,1991.year,0,0,,,0,0
1920,1992.year,0,0,,,0,0
1920,1993.year,0,0,,,0,0
1920,1994.year,0,0,,,0,0
1920,1995.year,0,0,,,0,0
1920,1996.year,0,0,,,0,0
1920,1997.year,0,0,,,0,0
1920,1998.year,0,0,,,0,0
1920,1999.year,0,0,,,0,0
1920,2000.year,0,0,,,0,0
1920,2001.year,0,0,,,0,0
1920,2002.year,0,0,,,0,0
1920,2003.year,0,0,,,0,0
1920,2004.year,0,0,,,0,0
1920,2005.year,0,0,,,0,0
1920,2006.year,0,0,,,0,0
1920,2007.year,0,0,,,0,0
1920,2008.year,0,0,,,0,0
1920,2009.year,0,0,,,0,0
1920,2010.year,0,0,,,0,0
1920,2011.year,0,0,,,0,0
1920,2012.year,0,0,,,0,0
1920,2013.year,0,0,,,0,0
1920,2014.year,0,0,,,0,0
1920,2015.year,0,0,,,0,0
1920,2016.year,0,0,,,0,0
1920,2017.year,0,0,,,0,0
1920,2018.year,0,0,,,0,0
1920,2019.year,0,0,,,0,0
1920,2020.year,0,0,,,0,0
1920,2021.year,0,0,,,0,0
1920,2022.year,0,0,,,0,0
1920,2023.year,0,0,,,0,0
1920,2024.year,0,0,,,0,0
1920,2025.year,0,0,,,0,0
1925,1916.year,0,0,,,0,0
1925,1917.year,0,0,,,0,0
1925,1918.year,0,0,,,0,0
1925,1919.year,0,0,,,0,0
1925,1920.year,0,0,,,0,0
1925,1921.year,-.4311294765840223,.2935968259069874,-1.468440522993276,.1419846010073925,-1.006568681336994,.1443097281689491
1925,1922.year,1.674242424242425,.2672481556446265,6.264748283122862,3.73428129476e-10,1.150445664244202,2.198039184240647
1925,1923.year,1.666666666666668,.3097717261110318,5.380305967850929,7.43593470696e-08,1.05952524006024,2.273808093273096
1925,1924.year,-.2644628099173555,.1922225579537029,-1.375815683303163,.1688787046558971,-.6412121005227763,.1122864806880653
1925,1925.year,4.72058823529412,.2380294343701362,19.83195165667452,1.57796736203e-87,4.254059116668213,5.187117353920028
1925,1926.year,6.720588235294121,.2380294343701362,28.23427385389487,2.2204341660e-175,6.254059116668214,7.187117353920029
1925,1927.year,6.161764705882355,.7140883031104093,8.628855393714032,6.19689797113e-18,4.762177350004632,7.561352061760078
1925,1928.year,8.161764705882357,.7140883031104093,11.42962945945415,2.97375063942e-30,6.762177350004634,9.561352061760079
1925,1929.year,9.161764705882357,.7140883031104093,12.83001649232421,1.11340473539e-37,7.762177350004634,10.56135206176008
1925,1930.year,11.00367647058824,.646818853822442,17.01199092382804,6.69243425111e-65,9.735934812574778,12.2714181286017
1925,1931.year,13.18354430379747,.1854659911104437,71.08335185800594,0,12.82003764086397,13.54705096673097
1925,1932.year,13.15189873417721,.0412146646912101,319.1072603092687,0,13.07111947574754,13.23267799260688
1925,1933.year,22.87974683544304,.1030366617280245,222.0544265674718,0,22.67779868936887,23.08169498151721
1925,1934.year,25.75316455696202,.4739686439489105,54.33516517547936,0,24.82420308502087,26.68212602890317
1925,1935.year,28.75316455696202,.4739686439489105,60.66469781081414,0,27.82420308502087,29.68212602890317
1925,1950.year,0,0,,,0,0
1925,1951.year,0,0,,,0,0
1925,1952.year,0,0,,,0,0
1925,1953.year,0,0,,,0,0
1925,1954.year,0,0,,,0,0
1925,1955.year,0,0,,,0,0
1925,1956.year,0,0,,,0,0
1925,1957.year,0,0,,,0,0
1925,1958.year,0,0,,,0,0
1925,1959.year,0,0,,,0,0
1925,1960.year,0,0,,,0,0
1925,1961.year,0,0,,,0,0
1925,1962.year,0,0,,,0,0
1925,1963.year,0,0,,,0,0
1925,1964.year,0,0,,,0,0
1925,1965.year,0,0,,,0,0
1925,1966.year,0,0,,,0,0
1925,1967.year,0,0,,,0,0
1925,1968.year,0,0,,,0,0
1925,1969.year,0,0,,,0,0
1925,1970.year,0,0,,,0,0
1925,1971.year,0,0,,,0,0
1925,1972.year,0,0,,,0,0
1925,1973.year,0,0,,,0,0
1925,1974.year,0,0,,,0,0
1925,1975.year,0,0,,,0,0
1925,1976.year,0,0,,,0,0
1925,1977.year,0,0,,,0,0
1925,1978.year,0,0,,,0,0
1925,1979.year,0,0,,,0,0
1925,1980.year,0,0,,,0,0
1925,1981.year,0,0,,,0,0
1925,1982.year,0,0,,,0,0
1925,1983.year,0,0,,,0,0
1925,1984.year,0,0,,,0,0
1925,1985.year,0,0,,,0,0
1925,1986.year,0,0,,,0,0
1925,1987.year,0,0,,,0,0
1925,1988.year,0,0,,,0,0
1925,1989.year,0,0,,,0,0
1925,1990.year,0,0,,,0,0
1925,1991.year,0,0,,,0,0
1925,1992.year,0,0,,,0,0
1925,1993.year,0,0,,,0,0
1925,1994.year,0,0,,,0,0
1925,1995.year,0,0,,,0,0
1925,1996.year,0,0,,,0,0
1925,1997.year,0,0,,,0,0
1925,1998.year,0,0,,,0,0
1925,1999.year,0,0,,,0,0
1925,2000.year,0,0,,,0,0
1925,2001.year,0,0,,,0,0
1925,2002.year,0,0,,,0,0
1925,2003.year,0,0,,,0,0
1925,2004.year,0,0,,,0,0
1925,2005.year,0,0,,,0,0
1925,2006.year,0,0,,,0,0
1925,2007.year,0,0,,,0,0
1925,2008.year,0,0,,,0,0
1925,2009.year,0,0,,,0,0
1925,2010.year,0,0,,,0,0
1925,2011.year,0,0,,,0,0
1925,2012.year,0,0,,,0,0
1925,2013.year,0,0,,,0,0
1925,2014.year,0,0,,,0,0
1925,2015.year,0,0,,,0,0
1925,2016.year,0,0,,,0,0
1925,2017.year,0,0,,,0,0
1925,2018.year,0,0,,,0,0
1925,2019.year,0,0,,,0,0
1925,2020.year,0,0,,,0,0
1925,2021.year,0,0,,,0,0
1925,2022.year,0,0,,,0,0
1925,2023.year,0,0,,,0,0
1925,2024.year,0,0,,,0,0
1925,2025.year,0,0,,,0,0
1955,1916.year,0,0,,,0,0
1955,1917.year,0,0,,,0,0
1955,1918.year,0,0,,,0,0
1955,1919.year,0,0,,,0,0
1955,1920.year,0,0,,,0,0
1955,1921.year,0,0,,,0,0
1955,1922.year,0,0,,,0,0
1955,1923.year,0,0,,,0,0
1955,1924.year,0,0,,,0,0
1955,1925.year,0,0,,,0,0
1955,1926.year,0,0,,,0,0
1955,1927.year,0,0,,,0,0
1955,1928.year,0,0,,,0,0
1955,1929.year,0,0,,,0,0
1955,1930.year,0,0,,,0,0
1955,1931.year,0,0,,,0,0
1955,1932.year,0,0,,,0,0
1955,1933.year,0,0,,,0,0
1955,1934.year,0,0,,,0,0
1955,1935.year,0,0,,,0,0
1955,1950.year,0,0,,,0,0
1955,1951.year,.9020156774916011,1.102679972426678,.8180212754807967,.413345038926795,-1.259197354938308,3.06322870992151
1955,1952.year,1.340594609613786,1.278121975179696,1.048878460465643,.2942340601961886,-1.164478429587613,3.845667648815185
1955,1953.year,8.3367074317968,3.279132421063352,2.542351561726008,.0110109359833887,1.909725985974999,14.7636888776186
1955,1954.year,1.561095213483429,1.21254995893858,1.287448159950418,.1979381273873377,-.8154590354917084,3.937649462458567
1955,1955.year,5.349570417184824,.9271975002219122,5.769612640138134,7.94539551644e-09,3.532296710194308,7.16684412417534
1955,1956.year,5.955809479170997,1.17106304789521,5.085814542500994,3.66051616518e-07,3.660568081670682,8.251050876671311
1955,1957.year,5.05962753109892,4.560544396599926,1.109434990890798,.2672425744844545,-3.878875236132886,13.99813029833073
1955,1958.year,4.714288684187647,8.472966268968065,.5563917681879084,.5779430650593789,-11.89242004521248,21.32099741358777
1955,1959.year,4.080817511405769,10.38451877546237,.3929712680618722,.6943407025531254,-16.27246528528046,24.434100308092
1955,1960.year,4.473378339047244,10.07021125095807,.4442189173163225,.6568843164896221,-15.26387302954062,24.2106297076351
1955,1961.year,3.185246013176641,11.78024489540823,.270388777267118,.7868611731125048,-19.90360971088531,26.27410173723859
1955,1962.year,.2127994133633653,14.42554591465299,.0147515674361558,.9882303789586682,-28.06075103668539,28.48634986341213
1955,1963.year,-2.234225635869507,17.45778021082543,-.1279787927725245,.8981657559335874,-36.45084609910342,31.9823948273644
1955,1964.year,-1.810490287610715,17.70009195914344,-.1022870554452379,.9185288296731996,-36.50203305057885,32.88105247535742
1955,1965.year,-2.06199562290454,17.89112558891519,-.1152524257155788,.9082450457767517,-37.12795742006128,33.0039661742522
1955,1966.year,0,0,,,0,0
1955,1967.year,0,0,,,0,0
1955,1968.year,0,0,,,0,0
1955,1969.year,0,0,,,0,0
1955,1970.year,0,0,,,0,0
1955,1971.year,0,0,,,0,0
1955,1972.year,0,0,,,0,0
1955,1973.year,0,0,,,0,0
1955,1974.year,0,0,,,0,0
1955,1975.year,0,0,,,0,0
1955,1976.year,0,0,,,0,0
1955,1977.year,0,0,,,0,0
1955,1978.year,0,0,,,0,0
1955,1979.year,0,0,,,0,0
1955,1980.year,0,0,,,0,0
1955,1981.year,0,0,,,0,0
1955,1982.year,0,0,,,0,0
1955,1983.year,0,0,,,0,0
1955,1984.year,0,0,,,0,0
1955,1985.year,0,0,,,0,0
1955,1986.year,0,0,,,0,0
1955,1987.year,0,0,,,0,0
1955,1988.year,0,0,,,0,0
1955,1989.year,0,0,,,0,0
1955,1990.year,0,0,,,0,0
1955,1991.year,0,0,,,0,0
1955,1992.year,0,0,,,0,0
1955,1993.year,0,0,,,0,0
1955,1994.year,0,0,,,0,0
1955,1995.year,0,0,,,0,0
1955,1996.year,0,0,,,0,0
1955,1997.year,0,0,,,0,0
1955,1998.year,0,0,,,0,0
1955,1999.year,0,0,,,0,0
1955,2000.year,0,0,,,0,0
1955,2001.year,0,0,,,0,0
1955,2002.year,0,0,,,0,0
1955,2003.year,0,0,,,0,0
1955,2004.year,0,0,,,0,0
1955,2005.year,0,0,,,0,0
1955,2006.year,0,0,,,0,0
1955,2007.year,0,0,,,0,0
1955,2008.year,0,0,,,0,0
1955,2009.year,0,0,,,0,0
1955,2010.year,0,0,,,0,0
1955,2011.year,0,0,,,0,0
1955,2012.year,0,0,,,0,0
1955,2013.year,0,0,,,0,0
1955,2014.year,0,0,,,0,0
1955,2015.year,0,0,,,0,0
1955,2016.year,0,0,,,0,0
1955,2017.year,0,0,,,0,0
1955,2018.year,0,0,,,0,0
1955,2019.year,0,0,,,0,0
1955,2020.year,0,0,,,0,0
1955,2021.year,0,0,,,0,0
1955,2022.year,0,0,,,0,0
1955,2023.year,0,0,,,0,0
1955,2024.year,0,0,,,0,0
1955,2025.year,0,0,,,0,0
1965,1916.year,0,0,,,0,0
1965,1917.year,0,0,,,0,0
1965,1918.year,0,0,,,0,0
1965,1919.year,0,0,,,0,0
1965,1920.year,0,0,,,0,0
1965,1921.year,0,0,,,0,0
1965,1922.year,0,0,,,0,0
1965,1923.year,0,0,,,0,0
1965,1924.year,0,0,,,0,0
1965,1925.year,0,0,,,0,0
1965,1926.year,0,0,,,0,0
1965,1927.year,0,0,,,0,0
1965,1928.year,0,0,,,0,0
1965,1929.year,0,0,,,0,0
1965,1930.year,0,0,,,0,0
1965,1931.year,0,0,,,0,0
1965,1932.year,0,0,,,0,0
1965,1933.year,0,0,,,0,0
1965,1934.year,0,0,,,0,0
1965,1935.year,0,0,,,0,0
1965,1950.year,0,0,,,0,0
1965,1951.year,0,0,,,0,0
1965,1952.year,0,0,,,0,0
1965,1953.year,0,0,,,0,0
1965,1954.year,0,0,,,0,0
1965,1955.year,0,0,,,0,0
1965,1956.year,0,0,,,0,0
1965,1957.year,0,0,,,0,0
1965,1958.year,0,0,,,0,0
1965,1959.year,0,0,,,0,0
1965,1960.year,0,0,,,0,0
1965,1961.year,-1.345176376079933,1.079020472461602,-1.246664368666835,.2125205889175245,-3.460017640686066,.7696648885261999
1965,1962.year,.9825269628479416,1.181423957517066,.8316463845145522,.4056085721526714,-1.333021444358286,3.298075370054169
1965,1963.year,2.516498636035542,.9577889226749003,2.627404197792868,.0086039065437879,.6392668428013188,4.393730429269765
1965,1964.year,2.668515550920049,.8040863344117365,3.318692827769937,.0009043985571601,1.092535295012216,4.244495806827882
1965,1965.year,2.489378904518158,1.688174822115777,1.4745978152892,.1403207026217059,-.8193829464360758,5.798140755472392
1965,1966.year,6.256475388064873,1.54204515339657,4.057258228972163,.0000496521738143,3.234122424873054,9.278828351256692
1965,1967.year,10.25825981908957,1.558061409790204,6.583989408011115,4.57989765989e-11,7.204515570199068,13.31200406798007
1965,1968.year,11.8477031602024,1.540984228900788,7.688400009553361,1.48986386679e-14,8.82742957081263,14.86797674959217
1965,1969.year,14.93831140377488,3.207407141506694,4.657441585902793,3.20163225218e-06,8.651908922665196,21.22471388488457
1965,1970.year,19.06434063689424,6.94992895389283,2.743098636456682,.0060862400598096,5.442730192152162,32.68595108163632
1965,1971.year,25.27433992231287,11.9677233884608,2.11187534186178,.0346971428745716,1.818033103992054,48.73064674063369
1965,1972.year,35.54321531954595,8.56425946035448,4.150179648816337,.0000332214428594,18.75757522299473,52.32885541609717
1965,1973.year,42.94953774674967,9.118172107798113,4.710323213796111,2.47324252023e-06,25.0782488106277,60.82082668287164
1965,1974.year,46.52810866490583,9.153215595981326,5.083252784445913,3.71025388372e-07,28.58813575405211,64.46808157575956
1965,1975.year,50.20932515205078,10.86577296582121,4.620870076154411,3.82134038163e-06,28.91280147485225,71.50584882924932
1965,1976.year,0,0,,,0,0
1965,1977.year,0,0,,,0,0
1965,1978.year,0,0,,,0,0
1965,1979.year,0,0,,,0,0
1965,1980.year,0,0,,,0,0
1965,1981.year,0,0,,,0,0
1965,1982.year,0,0,,,0,0
1965,1983.year,0,0,,,0,0
1965,1984.year,0,0,,,0,0
1965,1985.year,0,0,,,0,0
1965,1986.year,0,0,,,0,0
1965,1987.year,0,0,,,0,0
1965,1988.year,0,0,,,0,0
1965,1989.year,0,0,,,0,0
1965,1990.year,0,0,,,0,0
1965,1991.year,0,0,,,0,0
1965,1992.year,0,0,,,0,0
1965,1993.year,0,0,,,0,0
1965,1994.year,0,0,,,0,0
1965,1995.year,0,0,,,0,0
1965,1996.year,0,0,,,0,0
1965,1997.year,0,0,,,0,0
1965,1998.year,0,0,,,0,0
1965,1999.year,0,0,,,0,0
1965,2000.year,0,0,,,0,0
1965,2001.year,0,0,,,0,0
1965,2002.year,0,0,,,0,0
1965,2003.year,0,0,,,0,0
1965,2004.year,0,0,,,0,0
1965,2005.year,0,0,,,0,0
1965,2006.year,0,0,,,0,0
1965,2007.year,0,0,,,0,0
1965,2008.year,0,0,,,0,0
1965,2009.year,0,0,,,0,0
1965,2010.year,0,0,,,0,0
1965,2011.year,0,0,,,0,0
1965,2012.year,0,0,,,0,0
1965,2013.year,0,0,,,0,0
1965,2014.year,0,0,,,0,0
1965,2015.year,0,0,,,0,0
1965,2016.year,0,0,,,0,0
1965,2017.year,0,0,,,0,0
1965,2018.year,0,0,,,0,0
1965,2019.year,0,0,,,0,0
1965,2020.year,0,0,,,0,0
1965,2021.year,0,0,,,0,0
1965,2022.year,0,0,,,0,0
1965,2023.year,0,0,,,0,0
1965,2024.year,0,0,,,0,0
1965,2025.year,0,0,,,0,0
1970,1916.year,0,0,,,0,0
1970,1917.year,0,0,,,0,0
1970,1918.year,0,0,,,0,0
1970,1919.year,0,0,,,0,0
1970,1920.year,0,0,,,0,0
1970,1921.year,0,0,,,0,0
1970,1922.year,0,0,,,0,0
1970,1923.year,0,0,,,0,0
1970,1924.year,0,0,,,0,0
1970,1925.year,0,0,,,0,0
1970,1926.year,0,0,,,0,0
1970,1927.year,0,0,,,0,0
1970,1928.year,0,0,,,0,0
1970,1929.year,0,0,,,0,0
1970,1930.year,0,0,,,0,0
1970,1931.year,0,0,,,0,0
1970,1932.year,0,0,,,0,0
1970,1933.year,0,0,,,0,0
1970,1934.year,0,0,,,0,0
1970,1935.year,0,0,,,0,0
1970,1950.year,0,0,,,0,0
1970,1951.year,0,0,,,0,0
1970,1952.year,0,0,,,0,0
1970,1953.year,0,0,,,0,0
1970,1954.year,0,0,,,0,0
1970,1955.year,0,0,,,0,0
1970,1956.year,0,0,,,0,0
1970,1957.year,0,0,,,0,0
1970,1958.year,0,0,,,0,0
1970,1959.year,0,0,,,0,0
1970,1960.year,0,0,,,0,0
1970,1961.year,0,0,,,0,0
1970,1962.year,0,0,,,0,0
1970,1963.year,0,0,,,0,0
1970,1964.year,0,0,,,0,0
1970,1965.year,0,0,,,0,0
1970,1966.year,.1728220273785371,1.041988046663068,.1658579749854079,.868268720445494,-1.869437016402317,2.215081071159391
1970,1967.year,.9976852112083942,.6515672637828649,1.531208313652899,.1257179167592086,-.2793631593113298,2.274733581728118
1970,1968.year,1.24073859474915,.626010975611723,1.981975784908132,.0474819509142908,.0137796286233911,2.467697560874909
1970,1969.year,.2049974377111859,.6752765457340731,.3035755336183626,.7614512937431133,-1.118520271532212,1.528515146954583
1970,1970.year,1.094494022672494,.6024697038573136,1.816678939480265,.0692662883508443,-.0863248986643526,2.27531294400934
1970,1971.year,1.121696895341642,1.292845503198301,.8676186694904657,.385603122568732,-1.412233728501592,3.655627519184875
1970,1972.year,1.359415391190586,1.85005525834049,.7347971824419932,.4624630233160701,-2.266626284565719,4.985457066946891
1970,1973.year,2.140989987815263,2.526056715070935,.8475621212468072,.3966818770807413,-2.809990196629326,7.091970172259852
1970,1974.year,2.580236502394828,3.331940747568535,.7743944739346705,.4386975505422607,-3.950247361460962,9.110720366250618
1970,1975.year,1.989906645172627,4.130922090268136,.4817100399594956,.6300119428643,-6.106551874693836,10.08636516503909
1970,1976.year,2.028877921345677,4.987553636175062,.4067881910341954,.6841635607173371,-7.74654757651923,11.80430341921058
1970,1977.year,2.156463541468695,5.332536934617133,.4043973005549422,.6859205849350126,-8.295116796610506,12.60804387954789
1970,1978.year,2.474692962447336,5.981438168819317,.4137287542898431,.6790727662475191,-9.248710424191735,14.19809634908641
1970,1979.year,2.702811050792867,6.966643239745875,.3879646133410239,.6980422210035908,-10.95155879224849,16.35718089383422
1970,1980.year,3.511857204897349,7.815825384087093,.4493264667922903,.6531961679079198,-11.80687905736729,18.83059346716198
1970,1981.year,0,0,,,0,0
1970,1982.year,0,0,,,0,0
1970,1983.year,0,0,,,0,0
1970,1984.year,0,0,,,0,0
1970,1985.year,0,0,,,0,0
1970,1986.year,0,0,,,0,0
1970,1987.year,0,0,,,0,0
1970,1988.year,0,0,,,0,0
1970,1989.year,0,0,,,0,0
1970,1990.year,0,0,,,0,0
1970,1991.year,0,0,,,0,0
1970,1992.year,0,0,,,0,0
1970,1993.year,0,0,,,0,0
1970,1994.year,0,0,,,0,0
1970,1995.year,0,0,,,0,0
1970,1996.year,0,0,,,0,0
1970,1997.year,0,0,,,0,0
1970,1998.year,0,0,,,0,0
1970,1999.year,0,0,,,0,0
1970,2000.year,0,0,,,0,0
1970,2001.year,0,0,,,0,0
1970,2002.year,0,0,,,0,0
1970,2003.year,0,0,,,0,0
1970,2004.year,0,0,,,0,0
1970,2005.year,0,0,,,0,0
1970,2006.year,0,0,,,0,0
1970,2007.year,0,0,,,0,0
1970,2008.year,0,0,,,0,0
1970,2009.year,0,0,,,0,0
1970,2010.year,0,0,,,0,0
1970,2011.year,0,0,,,0,0
1970,2012.year,0,0,,,0,0
1970,2013.year,0,0,,,0,0
1970,2014.year,0,0,,,0,0
1970,2015.year,0,0,,,0,0
1970,2016.year,0,0,,,0,0
1970,2017.year,0,0,,,0,0
1970,2018.year,0,0,,,0,0
1970,2019.year,0,0,,,0,0
1970,2020.year,0,0,,,0,0
1970,2021.year,0,0,,,0,0
1970,2022.year,0,0,,,0,0
1970,2023.year,0,0,,,0,0
1970,2024.year,0,0,,,0,0
1970,2025.year,0,0,,,0,0
1975,1916.year,0,0,,,0,0
1975,1917.year,0,0,,,0,0
1975,1918.year,0,0,,,0,0
1975,1919.year,0,0,,,0,0
1975,1920.year,0,0,,,0,0
1975,1921.year,0,0,,,0,0
1975,1922.year,0,0,,,0,0
1975,1923.year,0,0,,,0,0
1975,1924.year,0,0,,,0,0
1975,1925.year,0,0,,,0,0
1975,1926.year,0,0,,,0,0
1975,1927.year,0,0,,,0,0
1975,1928.year,0,0,,,0,0
1975,1929.year,0,0,,,0,0
1975,1930.year,0,0,,,0,0
1975,1931.year,0,0,,,0,0
1975,1932.year,0,0,,,0,0
1975,1933.year,0,0,,,0,0
1975,1934.year,0,0,,,0,0
1975,1935.year,0,0,,,0,0
1975,1950.year,0,0,,,0,0
1975,1951.year,0,0,,,0,0
1975,1952.year,0,0,,,0,0
1975,1953.year,0,0,,,0,0
1975,1954.year,0,0,,,0,0
1975,1955.year,0,0,,,0,0
1975,1956.year,0,0,,,0,0
1975,1957.year,0,0,,,0,0
1975,1958.year,0,0,,,0,0
1975,1959.year,0,0,,,0,0
1975,1960.year,0,0,,,0,0
1975,1961.year,0,0,,,0,0
1975,1962.year,0,0,,,0,0
1975,1963.year,0,0,,,0,0
1975,1964.year,0,0,,,0,0
1975,1965.year,0,0,,,0,0
1975,1966.year,0,0,,,0,0
1975,1967.year,0,0,,,0,0
1975,1968.year,0,0,,,0,0
1975,1969.year,0,0,,,0,0
1975,1970.year,0,0,,,0,0
1975,1971.year,.2496164703258442,.7110955444815056,.3510308456620295,.7255652075625375,-1.144105186424806,1.643338127076495
1975,1972.year,1.524900667707921,1.016473663035408,1.50018709107941,.133565946164082,-.4673511030749815,3.517152438490823
1975,1973.year,1.469829044648019,1.007928921977902,1.458266562848212,.1447670829188942,-.5056753414049506,3.445333430700988
1975,1974.year,1.660214836730566,.6829586351421537,2.430915653310397,.0150607201760411,.3216405089213137,2.998789164539819
1975,1975.year,2.193505476903577,1.24121685815006,1.767221789247071,.0771910919696181,-.2392348620745008,4.626245815881655
1975,1976.year,4.299905196691509,2.098031992110324,2.049494580092847,.0404137772841009,.1878380537424515,8.411972339640567
1975,1977.year,5.646052067199981,2.863971535783074,1.971406488038375,.0486773995369637,.03277100431729,11.25933313008267
1975,1978.year,7.772785540921515,3.777567095528526,2.057616805833071,.0396269321099978,.3688900845020289,15.176680997341
1975,1979.year,8.758787644045903,4.221934431963764,2.074591111063726,.0380244466295651,.4839482123073573,17.03362707578445
1975,1980.year,10.59978595391838,5.326890207836298,1.989863793011017,.0466059417969252,.159272996960155,21.0402989108766
1975,1981.year,10.63113427962062,6.111115955293776,1.739638775862428,.0819224660134268,-1.346432898103266,22.60870145734451
1975,1982.year,11.89355357159112,6.937631304422385,1.714353653243231,.0864637949135801,-1.703953923094387,25.49106106627663
1975,1983.year,12.89998944598715,8.042603189172508,1.603956970468713,.1087235376987677,-2.863223146737942,28.66320203871224
1975,1984.year,14.30553779105089,9.256424759641643,1.545471190283269,.1222323322364068,-3.836721363451554,32.44779694555334
1975,1985.year,15.1046401558387,10.28094712146901,1.469187612520319,.1417819092642632,-5.045645929201294,35.2549262408787
1975,1986.year,0,0,,,0,0
1975,1987.year,0,0,,,0,0
1975,1988.year,0,0,,,0,0
1975,1989.year,0,0,,,0,0
1975,1990.year,0,0,,,0,0
1975,1991.year,0,0,,,0,0
1975,1992.year,0,0,,,0,0
1975,1993.year,0,0,,,0,0
1975,1994.year,0,0,,,0,0
1975,1995.year,0,0,,,0,0
1975,1996.year,0,0,,,0,0
1975,1997.year,0,0,,,0,0
1975,1998.year,0,0,,,0,0
1975,1999.year,0,0,,,0,0
1975,2000.year,0,0,,,0,0
1975,2001.year,0,0,,,0,0
1975,2002.year,0,0,,,0,0
1975,2003.year,0,0,,,0,0
1975,2004.year,0,0,,,0,0
1975,2005.year,0,0,,,0,0
1975,2006.year,0,0,,,0,0
1975,2007.year,0,0,,,0,0
1975,2008.year,0,0,,,0,0
1975,2009.year,0,0,,,0,0
1975,2010.year,0,0,,,0,0
1975,2011.year,0,0,,,0,0
1975,2012.year,0,0,,,0,0
1975,2013.year,0,0,,,0,0
1975,2014.year,0,0,,,0,0
1975,2015.year,0,0,,,0,0
1975,2016.year,0,0,,,0,0
1975,2017.year,0,0,,,0,0
1975,2018.year,0,0,,,0,0
1975,2019.year,0,0,,,0,0
1975,2020.year,0,0,,,0,0
1975,2021.year,0,0,,,0,0
1975,2022.year,0,0,,,0,0
1975,2023.year,0,0,,,0,0
1975,2024.year,0,0,,,0,0
1975,2025.year,0,0,,,0,0
1980,1916.year,0,0,,,0,0
1980,1917.year,0,0,,,0,0
1980,1918.year,0,0,,,0,0
1980,1919.year,0,0,,,0,0
1980,1920.year,0,0,,,0,0
1980,1921.year,0,0,,,0,0
1980,1922.year,0,0,,,0,0
1980,1923.year,0,0,,,0,0
1980,1924.year,0,0,,,0,0
1980,1925.year,0,0,,,0,0
1980,1926.year,0,0,,,0,0
1980,1927.year,0,0,,,0,0
1980,1928.year,0,0,,,0,0
1980,1929.year,0,0,,,0,0
1980,1930.year,0,0,,,0,0
1980,1931.year,0,0,,,0,0
1980,1932.year,0,0,,,0,0
1980,1933.year,0,0,,,0,0
1980,1934.year,0,0,,,0,0
1980,1935.year,0,0,,,0,0
1980,1950.year,0,0,,,0,0
1980,1951.year,0,0,,,0,0
1980,1952.year,0,0,,,0,0
1980,1953.year,0,0,,,0,0
1980,1954.year,0,0,,,0,0
1980,1955.year,0,0,,,0,0
1980,1956.year,0,0,,,0,0
1980,1957.year,0,0,,,0,0
1980,1958.year,0,0,,,0,0
1980,1959.year,0,0,,,0,0
1980,1960.year,0,0,,,0,0
1980,1961.year,0,0,,,0,0
1980,1962.year,0,0,,,0,0
1980,1963.year,0,0,,,0,0
1980,1964.year,0,0,,,0,0
1980,1965.year,0,0,,,0,0
1980,1966.year,0,0,,,0,0
1980,1967.year,0,0,,,0,0
1980,1968.year,0,0,,,0,0
1980,1969.year,0,0,,,0,0
1980,1970.year,0,0,,,0,0
1980,1971.year,0,0,,,0,0
1980,1972.year,0,0,,,0,0
1980,1973.year,0,0,,,0,0
1980,1974.year,0,0,,,0,0
1980,1975.year,0,0,,,0,0
1980,1976.year,.5379225455413357,.5583336948626265,.9634427413048878,.3353253857638336,-.5563913877445883,1.63223647882726
1980,1977.year,.8637237058671353,.5615439547797692,1.538123059673712,.1240185287391975,-.2368822212374008,1.964329632971671
1980,1978.year,.9427443721359253,.5951147635296566,1.584138774417995,.1131621423674105,-.2236591310502724,2.109147875322123
1980,1979.year,.8291422207514831,.5266961568624362,1.574232524669893,.1154337026470038,-.2031632774945504,1.861447718997517
1980,1980.year,2.029631829275997,.5737031480751297,3.537773561267273,.0004035159470158,.9051943212314935,3.1540693373205
1980,1981.year,4.256120794822617,1.325247425259431,3.211566922297122,.0013201321910937,1.658683570709695,6.853558018935538
1980,1982.year,5.379473600683379,1.864429045761608,2.885319563601788,.0039101653261711,1.725259819260249,9.03368738210651
1980,1983.year,7.354854086021073,2.72672492209757,2.697321620680114,.0069899723024367,2.010571442962053,12.69913672908009
1980,1984.year,8.978200621445774,3.493037844499628,2.570313011519028,.0101606662710051,2.131972249591083,15.82442899330047
1980,1985.year,10.20290388978462,4.262961694647483,2.393383900820701,.0166937636797369,1.84765250080172,18.55815527876752
1980,1986.year,9.620679689554111,4.937447763639311,1.948512703345112,.0513536463022145,-.0565401027267711,19.29789948183499
1980,1987.year,10.32306485392317,5.683104629067197,1.816448143700208,.0693016557459189,-.8156155394213958,21.46174524726774
1980,1988.year,11.61572214939807,6.42240305908343,1.808625531991417,.0705091991566381,-.9719565406053174,24.20340083940146
1980,1989.year,12.31349293207628,7.173119481959588,1.716616175576713,.0860493250101301,-1.745562909367122,26.37254877351968
1980,1990.year,12.83239476713783,7.880239163267063,1.62842706944159,.1034343617141497,-2.61259018242766,28.27737971670332
1980,1991.year,0,0,,,0,0
1980,1992.year,0,0,,,0,0
1980,1993.year,0,0,,,0,0
1980,1994.year,0,0,,,0,0
1980,1995.year,0,0,,,0,0
1980,1996.year,0,0,,,0,0
1980,1997.year,0,0,,,0,0
1980,1998.year,0,0,,,0,0
1980,1999.year,0,0,,,0,0
1980,2000.year,0,0,,,0,0
1980,2001.year,0,0,,,0,0
1980,2002.year,0,0,,,0,0
1980,2003.year,0,0,,,0,0
1980,2004.year,0,0,,,0,0
1980,2005.year,0,0,,,0,0
1980,2006.year,0,0,,,0,0
1980,2007.year,0,0,,,0,0
1980,2008.year,0,0,,,0,0
1980,2009.year,0,0,,,0,0
1980,2010.year,0,0,,,0,0
1980,2011.year,0,0,,,0,0
1980,2012.year,0,0,,,0,0
1980,2013.year,0,0,,,0,0
1980,2014.year,0,0,,,0,0
1980,2015.year,0,0,,,0,0
1980,2016.year,0,0,,,0,0
1980,2017.year,0,0,,,0,0
1980,2018.year,0,0,,,0,0
1980,2019.year,0,0,,,0,0
1980,2020.year,0,0,,,0,0
1980,2021.year,0,0,,,0,0
1980,2022.year,0,0,,,0,0
1980,2023.year,0,0,,,0,0
1980,2024.year,0,0,,,0,0
1980,2025.year,0,0,,,0,0
1985,1916.year,0,0,,,0,0
1985,1917.year,0,0,,,0,0
1985,1918.year,0,0,,,0,0
1985,1919.year,0,0,,,0,0
1985,1920.year,0,0,,,0,0
1985,1921.year,0,0,,,0,0
1985,1922.year,0,0,,,0,0
1985,1923.year,0,0,,,0,0
1985,1924.year,0,0,,,0,0
1985,1925.year,0,0,,,0,0
1985,1926.year,0,0,,,0,0
1985,1927.year,0,0,,,0,0
1985,1928.year,0,0,,,0,0
1985,1929.year,0,0,,,0,0
1985,1930.year,0,0,,,0,0
1985,1931.year,0,0,,,0,0
1985,1932.year,0,0,,,0,0
1985,1933.year,0,0,,,0,0
1985,1934.year,0,0,,,0,0
1985,1935.year,0,0,,,0,0
1985,1950.year,0,0,,,0,0
1985,1951.year,0,0,,,0,0
1985,1952.year,0,0,,,0,0
1985,1953.year,0,0,,,0,0
1985,1954.year,0,0,,,0,0
1985,1955.year,0,0,,,0,0
1985,1956.year,0,0,,,0,0
1985,1957.year,0,0,,,0,0
1985,1958.year,0,0,,,0,0
1985,1959.year,0,0,,,0,0
1985,1960.year,0,0,,,0,0
1985,1961.year,0,0,,,0,0
1985,1962.year,0,0,,,0,0
1985,1963.year,0,0,,,0,0
1985,1964.year,0,0,,,0,0
1985,1965.year,0,0,,,0,0
1985,1966.year,0,0,,,0,0
1985,1967.year,0,0,,,0,0
1985,1968.year,0,0,,,0,0
1985,1969.year,0,0,,,0,0
1985,1970.year,0,0,,,0,0
1985,1971.year,0,0,,,0,0
1985,1972.year,0,0,,,0,0
1985,1973.year,0,0,,,0,0
1985,1974.year,0,0,,,0,0
1985,1975.year,0,0,,,0,0
1985,1976.year,0,0,,,0,0
1985,1977.year,0,0,,,0,0
1985,1978.year,0,0,,,0,0
1985,1979.year,0,0,,,0,0
1985,1980.year,0,0,,,0,0
1985,1981.year,.0593554681076237,.4981185111021639,.1191593301286688,.9051491268733007,-.9169388736853323,1.03564980990058
1985,1982.year,-.1734458565191401,.6238013116739244,-.2780466364421567,.7809765589488248,-1.396073960908877,1.049182247870597
1985,1983.year,-.7349599682789426,.5458053100910345,-1.346560677755882,.1781217657232566,-1.804718718628086,.3347987820702009
1985,1984.year,.4107052396808503,.6668650445417459,.6158745956808658,.5379772895183358,-.8963262301696702,1.717736709531371
1985,1985.year,1.004026502469393,.6943961429875953,1.445898731737813,.1482056077169571,-.3569649287898191,2.365017933728605
1985,1986.year,1.305693175617736,1.150548043724103,1.134844548856437,.2564404568828557,-.9493395525645203,3.560725903799992
1985,1987.year,1.022521051714144,1.705099249232634,.5996841838821532,.5487167308402774,-2.319412066848103,4.364454170276391
1985,1988.year,2.465310473849309,2.45576345179201,1.003887598396471,.3154327948579425,-2.347897446212795,7.278518393911413
1985,1989.year,2.556076891841025,3.060893130669028,.8350755098994053,.4036751945968404,-3.443163404796321,8.555317188478371
1985,1990.year,2.442244649911137,3.5889418868514,.6804915562602581,.4961932664807478,-4.591952190924832,9.476441490747106
1985,1991.year,2.887727857979302,4.887617748989661,.5908252253516012,.5546375313717233,-6.691826900239162,12.46728261619777
1985,1992.year,3.173505556358559,5.740093128519093,.5528665624937871,.5803547853847943,-8.076870243444706,14.42388135616182
1985,1993.year,3.600966627403587,6.53749729177312,.5508173031192066,.5817589214499921,-9.212292613499866,16.41422586830704
1985,1994.year,4.12387916923216,7.352809932342854,.5608575778754222,.5748946315600189,-10.28736348332822,18.53512182179254
1985,1995.year,4.977918720008441,8.033960936472202,.6196095250363887,.5355148942425132,-10.76835536867875,20.72419280869564
1985,1996.year,0,0,,,0,0
1985,1997.year,0,0,,,0,0
1985,1998.year,0,0,,,0,0
1985,1999.year,0,0,,,0,0
1985,2000.year,0,0,,,0,0
1985,2001.year,0,0,,,0,0
1985,2002.year,0,0,,,0,0
1985,2003.year,0,0,,,0,0
1985,2004.year,0,0,,,0,0
1985,2005.year,0,0,,,0,0
1985,2006.year,0,0,,,0,0
1985,2007.year,0,0,,,0,0
1985,2008.year,0,0,,,0,0
1985,2009.year,0,0,,,0,0
1985,2010.year,0,0,,,0,0
1985,2011.year,0,0,,,0,0
1985,2012.year,0,0,,,0,0
1985,2013.year,0,0,,,0,0
1985,2014.year,0,0,,,0,0
1985,2015.year,0,0,,,0,0
1985,2016.year,0,0,,,0,0
1985,2017.year,0,0,,,0,0
1985,2018.year,0,0,,,0,0
1985,2019.year,0,0,,,0,0
1985,2020.year,0,0,,,0,0
1985,2021.year,0,0,,,0,0
1985,2022.year,0,0,,,0,0
1985,2023.year,0,0,,,0,0
1985,2024.year,0,0,,,0,0
1985,2025.year,0,0,,,0,0
1990,1916.year,0,0,,,0,0
1990,1917.year,0,0,,,0,0
1990,1918.year,0,0,,,0,0
1990,1919.year,0,0,,,0,0
1990,1920.year,0,0,,,0,0
1990,1921.year,0,0,,,0,0
1990,1922.year,0,0,,,0,0
1990,1923.year,0,0,,,0,0
1990,1924.year,0,0,,,0,0
1990,1925.year,0,0,,,0,0
1990,1926.year,0,0,,,0,0
1990,1927.year,0,0,,,0,0
1990,1928.year,0,0,,,0,0
1990,1929.year,0,0,,,0,0
1990,1930.year,0,0,,,0,0
1990,1931.year,0,0,,,0,0
1990,1932.year,0,0,,,0,0
1990,1933.year,0,0,,,0,0
1990,1934.year,0,0,,,0,0
1990,1935.year,0,0,,,0,0
1990,1950.year,0,0,,,0,0
1990,1951.year,0,0,,,0,0
1990,1952.year,0,0,,,0,0
1990,1953.year,0,0,,,0,0
1990,1954.year,0,0,,,0,0
1990,1955.year,0,0,,,0,0
1990,1956.year,0,0,,,0,0
1990,1957.year,0,0,,,0,0
1990,1958.year,0,0,,,0,0
1990,1959.year,0,0,,,0,0
1990,1960.year,0,0,,,0,0
1990,1961.year,0,0,,,0,0
1990,1962.year,0,0,,,0,0
1990,1963.year,0,0,,,0,0
1990,1964.year,0,0,,,0,0
1990,1965.year,0,0,,,0,0
1990,1966.year,0,0,,,0,0
1990,1967.year,0,0,,,0,0
1990,1968.year,0,0,,,0,0
1990,1969.year,0,0,,,0,0
1990,1970.year,0,0,,,0,0
1990,1971.year,0,0,,,0,0
1990,1972.year,0,0,,,0,0
1990,1973.year,0,0,,,0,0
1990,1974.year,0,0,,,0,0
1990,1975.year,0,0,,,0,0
1990,1976.year,0,0,,,0,0
1990,1977.year,0,0,,,0,0
1990,1978.year,0,0,,,0,0
1990,1979.year,0,0,,,0,0
1990,1980.year,0,0,,,0,0
1990,1981.year,0,0,,,0,0
1990,1982.year,0,0,,,0,0
1990,1983.year,0,0,,,0,0
1990,1984.year,0,0,,,0,0
1990,1985.year,0,0,,,0,0
1990,1986.year,.8032302053237245,.5014495009804477,1.601816740774947,.1091961400059753,-.1795927566635354,1.786053167310984
1990,1987.year,.1613572302404687,.4721245316359488,.341768367090253,.7325252170334124,-.7639898479838321,1.086704308464769
1990,1988.year,.4813948793900347,.3750700467281873,1.28347993551962,.1993239846555975,-.2537289038769674,1.216518662657037
1990,1989.year,.5839189346778817,.4794829077559233,1.217809697139654,.2232962984315573,-.3558502957262688,1.523688165082032
1990,1990.year,2.04357474866967,.6124582085716058,3.336676233690718,.0008478665524325,.843178717833402,3.243970779505938
1990,1991.year,3.49505872695362,.9999087881989878,3.495377546634867,.0004733916158629,1.535273514258516,5.454843939648724
1990,1992.year,5.106218561177406,1.518704095068781,3.362220841938369,.0007731825994294,2.129613231669101,8.082823890685711
1990,1993.year,6.560818675663542,2.161366835439504,3.035495209830695,.0024014103803025,2.324617520822806,10.79701983050428
1990,1994.year,8.444787312869455,2.824751298646116,2.989568432773881,.0027937185961559,2.908376502240323,13.98119812349859
1990,1995.year,11.29500687650868,3.667247642723054,3.079968405984648,.0020702255435858,4.107333574382085,18.48268017863527
1990,1996.year,12.78375935163556,4.543954811181449,2.813355300140347,.004902744620016,3.877771574342422,21.6897471289287
1990,1997.year,15.31842932562009,5.698348345594305,2.688222691310821,.0071833473012055,4.149871796891851,26.48698685434833
1990,1998.year,17.19815608424747,6.899139917723406,2.492797115197884,.0126741242934334,3.676090321206965,30.72022184728797
1990,1999.year,19.72715704819182,7.952745452083162,2.480546770552607,.013118105277774,4.140062383894115,35.31425171248952
1990,2000.year,21.70052393141525,9.040092570307904,2.400475853830348,.0163737709695984,3.982268076703637,39.41877978612686
1990,2001.year,0,0,,,0,0
1990,2002.year,0,0,,,0,0
1990,2003.year,0,0,,,0,0
1990,2004.year,0,0,,,0,0
1990,2005.year,0,0,,,0,0
1990,2006.year,0,0,,,0,0
1990,2007.year,0,0,,,0,0
1990,2008.year,0,0,,,0,0
1990,2009.year,0,0,,,0,0
1990,2010.year,0,0,,,0,0
1990,2011.year,0,0,,,0,0
1990,2012.year,0,0,,,0,0
1990,2013.year,0,0,,,0,0
1990,2014.year,0,0,,,0,0
1990,2015.year,0,0,,,0,0
1990,2016.year,0,0,,,0,0
1990,2017.year,0,0,,,0,0
1990,2018.year,0,0,,,0,0
1990,2019.year,0,0,,,0,0
1990,2020.year,0,0,,,0,0
1990,2021.year,0,0,,,0,0
1990,2022.year,0,0,,,0,0
1990,2023.year,0,0,,,0,0
1990,2024.year,0,0,,,0,0
1990,2025.year,0,0,,,0,0
1995,1916.year,0,0,,,0,0
1995,1917.year,0,0,,,0,0
1995,1918.year,0,0,,,0,0
1995,1919.year,0,0,,,0,0
1995,1920.year,0,0,,,0,0
1995,1921.year,0,0,,,0,0
1995,1922.year,0,0,,,0,0
1995,1923.year,0,0,,,0,0
1995,1924.year,0,0,,,0,0
1995,1925.year,0,0,,,0,0
1995,1926.year,0,0,,,0,0
1995,1927.year,0,0,,,0,0
1995,1928.year,0,0,,,0,0
1995,1929.year,0,0,,,0,0
1995,1930.year,0,0,,,0,0
1995,1931.year,0,0,,,0,0
1995,1932.year,0,0,,,0,0
1995,1933.year,0,0,,,0,0
1995,1934.year,0,0,,,0,0
1995,1935.year,0,0,,,0,0
1995,1950.year,0,0,,,0,0
1995,1951.year,0,0,,,0,0
1995,1952.year,0,0,,,0,0
1995,1953.year,0,0,,,0,0
1995,1954.year,0,0,,,0,0
1995,1955.year,0,0,,,0,0
1995,1956.year,0,0,,,0,0
1995,1957.year,0,0,,,0,0
1995,1958.year,0,0,,,0,0
1995,1959.year,0,0,,,0,0
1995,1960.year,0,0,,,0,0
1995,1961.year,0,0,,,0,0
1995,1962.year,0,0,,,0,0
1995,1963.year,0,0,,,0,0
1995,1964.year,0,0,,,0,0
1995,1965.year,0,0,,,0,0
1995,1966.year,0,0,,,0,0
1995,1967.year,0,0,,,0,0
1995,1968.year,0,0,,,0,0
1995,1969.year,0,0,,,0,0
1995,1970.year,0,0,,,0,0
1995,1971.year,0,0,,,0,0
1995,1972.year,0,0,,,0,0
1995,1973.year,0,0,,,0,0
1995,1974.year,0,0,,,0,0
1995,1975.year,0,0,,,0,0
1995,1976.year,0,0,,,0,0
1995,1977.year,0,0,,,0,0
1995,1978.year,0,0,,,0,0
1995,1979.year,0,0,,,0,0
1995,1980.year,0,0,,,0,0
1995,1981.year,0,0,,,0,0
1995,1982.year,0,0,,,0,0
1995,1983.year,0,0,,,0,0
1995,1984.year,0,0,,,0,0
1995,1985.year,0,0,,,0,0
1995,1986.year,0,0,,,0,0
1995,1987.year,0,0,,,0,0
1995,1988.year,0,0,,,0,0
1995,1989.year,0,0,,,0,0
1995,1990.year,0,0,,,0,0
1995,1991.year,.1531042519264668,.6597371697147838,.2320685554107199,.8164847673576717,-1.139956839976898,1.446165343829832
1995,1992.year,1.211798657462998,.6483790234444977,1.868966474309035,.0616274788375155,-.0590008768194685,2.482598191745464
1995,1993.year,1.704738914502546,.5815415734302134,2.931413663940089,.0033742314202678,.5649383750665729,2.844539453938519
1995,1994.year,2.549387719437576,.7074282339770969,3.603740417745488,.000313670334763,1.162853859195692,3.93592157967946
1995,1995.year,3.580482038268117,.8327122442464506,4.299783103955936,.000017096535003,1.948396030059553,5.212568046476681
1995,1996.year,6.735920405221682,1.734055554242882,3.884489391784624,.0001025451697771,3.337233971713992,10.13460683872937
1995,1997.year,9.234401341542972,2.508675818860516,3.680986308441158,.0002323334820253,4.317487087689832,14.15131559539611
1995,1998.year,13.10787078411848,3.368311739889917,3.891525427675193,.0000996159468836,6.506101085230799,19.70964048300616
1995,1999.year,15.77350295866436,4.000070425416639,3.943306312418593,.0000803659010501,7.933508989223936,23.61349692810478
1995,2000.year,18.73368681368749,4.866380069044277,3.849614404936246,.0001183039173682,9.195757143277168,28.27161648409781
1995,2001.year,19.99207436803897,5.730738124869057,3.488568825241125,.0004856137860505,8.760034038465019,31.22411469761292
1995,2002.year,23.24367930123148,6.586858971005115,3.528795652609006,.0004174553475932,10.3336729468169,36.15368565564606
1995,2003.year,25.71781818653316,7.442603106304046,3.455486987442554,.0005492997053446,11.1305841469513,40.30505222611502
1995,2004.year,29.28210162908216,8.334160359490138,3.513503504373842,.0004422385801734,12.9474474831001,45.61675577506422
1995,2005.year,31.88475220849679,9.191674362027616,3.468873129385237,.000522646202973,13.86940150130249,49.90010291569109
1995,2006.year,0,0,,,0,0
1995,2007.year,0,0,,,0,0
1995,2008.year,0,0,,,0,0
1995,2009.year,0,0,,,0,0
1995,2010.year,0,0,,,0,0
1995,2011.year,0,0,,,0,0
1995,2012.year,0,0,,,0,0
1995,2013.year,0,0,,,0,0
1995,2014.year,0,0,,,0,0
1995,2015.year,0,0,,,0,0
1995,2016.year,0,0,,,0,0
1995,2017.year,0,0,,,0,0
1995,2018.year,0,0,,,0,0
1995,2019.year,0,0,,,0,0
1995,2020.year,0,0,,,0,0
1995,2021.year,0,0,,,0,0
1995,2022.year,0,0,,,0,0
1995,2023.year,0,0,,,0,0
1995,2024.year,0,0,,,0,0
1995,2025.year,0,0,,,0,0
2000,1916.year,0,0,,,0,0
2000,1917.year,0,0,,,0,0
2000,1918.year,0,0,,,0,0
2000,1919.year,0,0,,,0,0
2000,1920.year,0,0,,,0,0
2000,1921.year,0,0,,,0,0
2000,1922.year,0,0,,,0,0
2000,1923.year,0,0,,,0,0
2000,1924.year,0,0,,,0,0
2000,1925.year,0,0,,,0,0
2000,1926.year,0,0,,,0,0
2000,1927.year,0,0,,,0,0
2000,1928.year,0,0,,,0,0
2000,1929.year,0,0,,,0,0
2000,1930.year,0,0,,,0,0
2000,1931.year,0,0,,,0,0
2000,1932.year,0,0,,,0,0
2000,1933.year,0,0,,,0,0
2000,1934.year,0,0,,,0,0
2000,1935.year,0,0,,,0,0
2000,1950.year,0,0,,,0,0
2000,1951.year,0,0,,,0,0
2000,1952.year,0,0,,,0,0
2000,1953.year,0,0,,,0,0
2000,1954.year,0,0,,,0,0
2000,1955.year,0,0,,,0,0
2000,1956.year,0,0,,,0,0
2000,1957.year,0,0,,,0,0
2000,1958.year,0,0,,,0,0
2000,1959.year,0,0,,,0,0
2000,1960.year,0,0,,,0,0
2000,1961.year,0,0,,,0,0
2000,1962.year,0,0,,,0,0
2000,1963.year,0,0,,,0,0
2000,1964.year,0,0,,,0,0
2000,1965.year,0,0,,,0,0
2000,1966.year,0,0,,,0,0
2000,1967.year,0,0,,,0,0
2000,1968.year,0,0,,,0,0
2000,1969.year,0,0,,,0,0
2000,1970.year,0,0,,,0,0
2000,1971.year,0,0,,,0,0
2000,1972.year,0,0,,,0,0
2000,1973.year,0,0,,,0,0
2000,1974.year,0,0,,,0,0
2000,1975.year,0,0,,,0,0
2000,1976.year,0,0,,,0,0
2000,1977.year,0,0,,,0,0
2000,1978.year,0,0,,,0,0
2000,1979.year,0,0,,,0,0
2000,1980.year,0,0,,,0,0
2000,1981.year,0,0,,,0,0
2000,1982.year,0,0,,,0,0
2000,1983.year,0,0,,,0,0
2000,1984.year,0,0,,,0,0
2000,1985.year,0,0,,,0,0
2000,1986.year,0,0,,,0,0
2000,1987.year,0,0,,,0,0
2000,1988.year,0,0,,,0,0
2000,1989.year,0,0,,,0,0
2000,1990.year,0,0,,,0,0
2000,1991.year,0,0,,,0,0
2000,1992.year,0,0,,,0,0
2000,1993.year,0,0,,,0,0
2000,1994.year,0,0,,,0,0
2000,1995.year,0,0,,,0,0
2000,1996.year,2.238193192981702,.4961627098459073,4.511006467367963,6.45207533708e-06,1.265732151211927,3.210654234751477
2000,1997.year,1.921821959482272,.436262382701139,4.405197504270758,.0000105687539971,1.06676340157841,2.776880517386134
2000,1998.year,2.765575872967928,.5660059628989506,4.886124977912411,1.02839931915e-06,1.656224570651071,3.874927175284784
2000,1999.year,2.89324921811742,.7339831370387441,3.941846988188636,.0000808565547809,1.454668704261755,4.331829731973086
2000,2000.year,3.464603534083913,.5815164454029398,5.957877135672831,2.55535509634e-09,2.324852244676399,4.604354823491427
2000,2001.year,6.037663345721714,1.122035986164515,5.380989041501617,7.40777045371e-08,3.838513223481383,8.236813467962044
2000,2002.year,8.830918000504695,1.810861967818084,4.876637842886009,1.07909289785e-06,5.281693762607921,12.38014223840147
2000,2003.year,11.6555871236086,2.380303160604774,4.896681782604202,9.74684829402e-07,6.990278656536384,16.32089559068081
2000,2004.year,14.84822303458928,2.91077003800733,5.101132291699056,3.37627454558e-07,9.143218592816631,20.55322747636193
2000,2005.year,17.91137108493994,3.51754082711922,5.09201512228329,3.54277839117e-07,11.01711774963704,24.80562442024284
2000,2006.year,20.01746179659738,4.242337820784951,4.718497828844189,2.37592503776e-06,11.70263245760674,28.33229113558802
2000,2007.year,22.44548331591016,4.908879181514802,4.572425290162436,4.82111145709e-06,12.82425691568269,32.06670971613763
2000,2008.year,25.76646042048755,5.540939644543585,4.650196911251498,3.31618257768e-06,14.90641827667196,36.62650256430314
2000,2009.year,28.46136812570261,6.156232177923226,4.623179779958187,3.77901928049e-06,16.39537477650651,40.5273614748987
2000,2010.year,31.72317233292219,6.912377095433988,4.589328952246706,4.44673202526e-06,18.17516217831199,45.27118248753239
2000,2011.year,0,0,,,0,0
2000,2012.year,0,0,,,0,0
2000,2013.year,0,0,,,0,0
2000,2014.year,0,0,,,0,0
2000,2015.year,0,0,,,0,0
2000,2016.year,0,0,,,0,0
2000,2017.year,0,0,,,0,0
2000,2018.year,0,0,,,0,0
2000,2019.year,0,0,,,0,0
2000,2020.year,0,0,,,0,0
2000,2021.year,0,0,,,0,0
2000,2022.year,0,0,,,0,0
2000,2023.year,0,0,,,0,0
2000,2024.year,0,0,,,0,0
2000,2025.year,0,0,,,0,0
2005,1916.year,0,0,,,0,0
2005,1917.year,0,0,,,0,0
2005,1918.year,0,0,,,0,0
2005,1919.year,0,0,,,0,0
2005,1920.year,0,0,,,0,0
2005,1921.year,0,0,,,0,0
2005,1922.year,0,0,,,0,0
2005,1923.year,0,0,,,0,0
2005,1924.year,0,0,,,0,0
2005,1925.year,0,0,,,0,0
2005,1926.year,0,0,,,0,0
2005,1927.year,0,0,,,0,0
2005,1928.year,0,0,,,0,0
2005,1929.year,0,0,,,0,0
2005,1930.year,0,0,,,0,0
2005,1931.year,0,0,,,0,0
2005,1932.year,0,0,,,0,0
2005,1933.year,0,0,,,0,0
2005,1934.year,0,0,,,0,0
2005,1935.year,0,0,,,0,0
2005,1950.year,0,0,,,0,0
2005,1951.year,0,0,,,0,0
2005,1952.year,0,0,,,0,0
2005,1953.year,0,0,,,0,0
2005,1954.year,0,0,,,0,0
2005,1955.year,0,0,,,0,0
2005,1956.year,0,0,,,0,0
2005,1957.year,0,0,,,0,0
2005,1958.year,0,0,,,0,0
2005,1959.year,0,0,,,0,0
2005,1960.year,0,0,,,0,0
2005,1961.year,0,0,,,0,0
2005,1962.year,0,0,,,0,0
2005,1963.year,0,0,,,0,0
2005,1964.year,0,0,,,0,0
2005,1965.year,0,0,,,0,0
2005,1966.year,0,0,,,0,0
2005,1967.year,0,0,,,0,0
2005,1968.year,0,0,,,0,0
2005,1969.year,0,0,,,0,0
2005,1970.year,0,0,,,0,0
2005,1971.year,0,0,,,0,0
2005,1972.year,0,0,,,0,0
2005,1973.year,0,0,,,0,0
2005,1974.year,0,0,,,0,0
2005,1975.year,0,0,,,0,0
2005,1976.year,0,0,,,0,0
2005,1977.year,0,0,,,0,0
2005,1978.year,0,0,,,0,0
2005,1979.year,0,0,,,0,0
2005,1980.year,0,0,,,0,0
2005,1981.year,0,0,,,0,0
2005,1982.year,0,0,,,0,0
2005,1983.year,0,0,,,0,0
2005,1984.year,0,0,,,0,0
2005,1985.year,0,0,,,0,0
2005,1986.year,0,0,,,0,0
2005,1987.year,0,0,,,0,0
2005,1988.year,0,0,,,0,0
2005,1989.year,0,0,,,0,0
2005,1990.year,0,0,,,0,0
2005,1991.year,0,0,,,0,0
2005,1992.year,0,0,,,0,0
2005,1993.year,0,0,,,0,0
2005,1994.year,0,0,,,0,0
2005,1995.year,0,0,,,0,0
2005,1996.year,0,0,,,0,0
2005,1997.year,0,0,,,0,0
2005,1998.year,0,0,,,0,0
2005,1999.year,0,0,,,0,0
2005,2000.year,0,0,,,0,0
2005,2001.year,1.402678822516739,.2919754264309752,4.804098891686492,1.55449989344e-06,.8304175023413035,1.974940142692175
2005,2002.year,1.75763511177964,.338230888616521,5.196554102344004,2.03016535551e-07,1.094714751632281,2.420555471926999
2005,2003.year,1.716104013704659,.3620902032605985,4.739437847948536,2.14311957431e-06,1.006420256159098,2.42578777125022
2005,2004.year,1.598890068175995,.3532555169275713,4.526157389082812,6.00658526312e-06,.906521977657876,2.291258158694114
2005,2005.year,2.806287021267549,.3481623519958466,8.060282811109419,7.61181396080e-16,2.123901350582933,3.488672691952165
2005,2006.year,4.512916116510568,.7161127396679632,6.30196317775753,2.93898999727e-10,3.109360937891053,5.916471295130084
2005,2007.year,6.333802540542234,1.074914383036711,5.892378630797352,3.80675681052e-09,4.227009063326189,8.440596017758278
2005,2008.year,8.385870093658726,1.476355151971573,5.680117065639634,1.34602583833e-08,5.492267167404286,11.27947301991317
2005,2009.year,10.24715310539484,1.867923709446005,5.485852047155596,4.11481192287e-08,6.586089909012212,13.90821630177747
2005,2010.year,12.29548623077374,2.287031054857058,5.376178082348873,7.60835427720e-08,7.812987731729258,16.77798472981822
2005,2011.year,10.96150647122707,2.838684058498887,3.861474628854463,.0001127047175291,5.39778795308126,16.52522498937288
2005,2012.year,12.51070629785458,3.265087130010949,3.83166077954331,.0001272811539235,6.111253116647874,18.91015947906129
2005,2013.year,14.24762792528484,3.746033421562356,3.803390499207717,.0001427290984433,6.905537334139275,21.58971851643041
2005,2014.year,15.68945288819486,4.188507364986763,3.745833902394115,.0001797955270163,7.480129303840043,23.89877647254968
2005,2015.year,16.85298446402389,4.666230661929773,3.611691252539613,.0003042066129673,7.707340423085041,25.99862850496274
2005,2016.year,0,0,,,0,0
2005,2017.year,0,0,,,0,0
2005,2018.year,0,0,,,0,0
2005,2019.year,0,0,,,0,0
2005,2020.year,0,0,,,0,0
2005,2021.year,0,0,,,0,0
2005,2022.year,0,0,,,0,0
2005,2023.year,0,0,,,0,0
2005,2024.year,0,0,,,0,0
2005,2025.year,0,0,,,0,0
2010,1916.year,0,0,,,0,0
2010,1917.year,0,0,,,0,0
2010,1918.year,0,0,,,0,0
2010,1919.year,0,0,,,0,0
2010,1920.year,0,0,,,0,0
2010,1921.year,0,0,,,0,0
2010,1922.year,0,0,,,0,0
2010,1923.year,0,0,,,0,0
2010,1924.year,0,0,,,0,0
2010,1925.year,0,0,,,0,0
2010,1926.year,0,0,,,0,0
2010,1927.year,0,0,,,0,0
2010,1928.year,0,0,,,0,0
2010,1929.year,0,0,,,0,0
2010,1930.year,0,0,,,0,0
2010,1931.year,0,0,,,0,0
2010,1932.year,0,0,,,0,0
2010,1933.year,0,0,,,0,0
2010,1934.year,0,0,,,0,0
2010,1935.year,0,0,,,0,0
2010,1950.year,0,0,,,0,0
2010,1951.year,0,0,,,0,0
2010,1952.year,0,0,,,0,0
2010,1953.year,0,0,,,0,0
2010,1954.year,0,0,,,0,0
2010,1955.year,0,0,,,0,0
2010,1956.year,0,0,,,0,0
2010,1957.year,0,0,,,0,0
2010,1958.year,0,0,,,0,0
2010,1959.year,0,0,,,0,0
2010,1960.year,0,0,,,0,0
2010,1961.year,0,0,,,0,0
2010,1962.year,0,0,,,0,0
2010,1963.year,0,0,,,0,0
2010,1964.year,0,0,,,0,0
2010,1965.year,0,0,,,0,0
2010,1966.year,0,0,,,0,0
2010,1967.year,0,0,,,0,0
2010,1968.year,0,0,,,0,0
2010,1969.year,0,0,,,0,0
2010,1970.year,0,0,,,0,0
2010,1971.year,0,0,,,0,0
2010,1972.year,0,0,,,0,0
2010,1973.year,0,0,,,0,0
2010,1974.year,0,0,,,0,0
2010,1975.year,0,0,,,0,0
2010,1976.year,0,0,,,0,0
2010,1977.year,0,0,,,0,0
2010,1978.year,0,0,,,0,0
2010,1979.year,0,0,,,0,0
2010,1980.year,0,0,,,0,0
2010,1981.year,0,0,,,0,0
2010,1982.year,0,0,,,0,0
2010,1983.year,0,0,,,0,0
2010,1984.year,0,0,,,0,0
2010,1985.year,0,0,,,0,0
2010,1986.year,0,0,,,0,0
2010,1987.year,0,0,,,0,0
2010,1988.year,0,0,,,0,0
2010,1989.year,0,0,,,0,0
2010,1990.year,0,0,,,0,0
2010,1991.year,0,0,,,0,0
2010,1992.year,0,0,,,0,0
2010,1993.year,0,0,,,0,0
2010,1994.year,0,0,,,0,0
2010,1995.year,0,0,,,0,0
2010,1996.year,0,0,,,0,0
2010,1997.year,0,0,,,0,0
2010,1998.year,0,0,,,0,0
2010,1999.year,0,0,,,0,0
2010,2000.year,0,0,,,0,0
2010,2001.year,0,0,,,0,0
2010,2002.year,0,0,,,0,0
2010,2003.year,0,0,,,0,0
2010,2004.year,0,0,,,0,0
2010,2005.year,0,0,,,0,0
2010,2006.year,1.524834465517259,.3044365753590528,5.008709823117895,5.47961155250e-07,.9281497422368016,2.121519188797716
2010,2007.year,1.937571826721958,.3058282623027231,6.335489768450695,2.36588515811e-10,1.338159447154152,2.536984206289764
2010,2008.year,2.174448797415411,.3343021571621005,6.504441418728381,7.79825976671e-11,1.519228609423645,2.829668985407177
2010,2009.year,3.114555900860843,.3773852694438543,8.252987472061923,1.54483252427e-16,2.374894364454945,3.854217437266741
2010,2010.year,4.140607732850548,.3807348327591437,10.87530579443971,1.51148108166e-27,3.394381172982746,4.88683429271835
2010,2011.year,7.084009457975561,.7256648747368288,9.762095017406848,1.63737238993e-22,5.661732438645607,8.506286477305515
2010,2012.year,10.29353123511454,1.092205091299969,9.424540607902609,4.31992425318e-21,8.152848592435317,12.43421387779376
2010,2013.year,13.44493296891319,1.471819916001824,9.134903545425679,6.54651072332e-20,10.56021894182085,16.32964699600553
2010,2014.year,16.44630159708417,1.833124500233695,8.971731922729482,2.91888103789e-19,12.85344359744814,20.0391595967202
2010,2015.year,19.730358129494,2.258067613409775,8.737718043659616,2.37866281171e-18,15.30462693255453,24.15608932643347
2010,2016.year,20.55903193146781,2.811879268075868,7.311491700543774,2.64192846200e-13,15.04784983716426,26.07021402577136
2010,2017.year,23.52720580283702,3.269495570404499,7.195974209540298,6.20163515601e-13,17.11911223723096,29.93529936844308
2010,2018.year,26.56236098032399,3.739000527005579,7.104134056273256,1.21079287252e-12,19.23405460921678,33.8906673514312
2010,2019.year,29.64423565413516,4.203227806994177,7.052731142672569,1.75439637202e-12,21.4060605336093,37.88241077466102
2010,2020.year,32.82869976549821,4.68752879087335,7.003412934639655,2.49801171958e-12,23.64131215889186,42.01608737210456
2010,2021.year,0,0,,,0,0
2010,2022.year,0,0,,,0,0
2010,2023.year,0,0,,,0,0
2010,2024.year,0,0,,,0,0
2010,2025.year,0,0,,,0,0
2015,1916.year,0,0,,,0,0
2015,1917.year,0,0,,,0,0
2015,1918.year,0,0,,,0,0
2015,1919.year,0,0,,,0,0
2015,1920.year,0,0,,,0,0
2015,1921.year,0,0,,,0,0
2015,1922.year,0,0,,,0,0
2015,1923.year,0,0,,,0,0
2015,1924.year,0,0,,,0,0
2015,1925.year,0,0,,,0,0
2015,1926.year,0,0,,,0,0
2015,1927.year,0,0,,,0,0
2015,1928.year,0,0,,,0,0
2015,1929.year,0,0,,,0,0
2015,1930.year,0,0,,,0,0
2015,1931.year,0,0,,,0,0
2015,1932.year,0,0,,,0,0
2015,1933.year,0,0,,,0,0
2015,1934.year,0,0,,,0,0
2015,1935.year,0,0,,,0,0
2015,1950.year,0,0,,,0,0
2015,1951.year,0,0,,,0,0
2015,1952.year,0,0,,,0,0
2015,1953.year,0,0,,,0,0
2015,1954.year,0,0,,,0,0
2015,1955.year,0,0,,,0,0
2015,1956.year,0,0,,,0,0
2015,1957.year,0,0,,,0,0
2015,1958.year,0,0,,,0,0
2015,1959.year,0,0,,,0,0
2015,1960.year,0,0,,,0,0
2015,1961.year,0,0,,,0,0
2015,1962.year,0,0,,,0,0
2015,1963.year,0,0,,,0,0
2015,1964.year,0,0,,,0,0
2015,1965.year,0,0,,,0,0
2015,1966.year,0,0,,,0,0
2015,1967.year,0,0,,,0,0
2015,1968.year,0,0,,,0,0
2015,1969.year,0,0,,,0,0
2015,1970.year,0,0,,,0,0
2015,1971.year,0,0,,,0,0
2015,1972.year,0,0,,,0,0
2015,1973.year,0,0,,,0,0
2015,1974.year,0,0,,,0,0
2015,1975.year,0,0,,,0,0
2015,1976.year,0,0,,,0,0
2015,1977.year,0,0,,,0,0
2015,1978.year,0,0,,,0,0
2015,1979.year,0,0,,,0,0
2015,1980.year,0,0,,,0,0
2015,1981.year,0,0,,,0,0
2015,1982.year,0,0,,,0,0
2015,1983.year,0,0,,,0,0
2015,1984.year,0,0,,,0,0
2015,1985.year,0,0,,,0,0
2015,1986.year,0,0,,,0,0
2015,1987.year,0,0,,,0,0
2015,1988.year,0,0,,,0,0
2015,1989.year,0,0,,,0,0
2015,1990.year,0,0,,,0,0
2015,1991.year,0,0,,,0,0
2015,1992.year,0,0,,,0,0
2015,1993.year,0,0,,,0,0
2015,1994.year,0,0,,,0,0
2015,1995.year,0,0,,,0,0
2015,1996.year,0,0,,,0,0
2015,1997.year,0,0,,,0,0
2015,1998.year,0,0,,,0,0
2015,1999.year,0,0,,,0,0
2015,2000.year,0,0,,,0,0
2015,2001.year,0,0,,,0,0
2015,2002.year,0,0,,,0,0
2015,2003.year,0,0,,,0,0
2015,2004.year,0,0,,,0,0
2015,2005.year,0,0,,,0,0
2015,2006.year,0,0,,,0,0
2015,2007.year,0,0,,,0,0
2015,2008.year,0,0,,,0,0
2015,2009.year,0,0,,,0,0
2015,2010.year,0,0,,,0,0
2015,2011.year,4.420518239071816,1.061962585415764,4.162593202227703,.0000314653642559,2.339109818727878,6.501926659415753
2015,2012.year,5.69391892057915,1.195866285179725,4.761334098254489,1.92317360118e-06,3.350064071301184,8.037773769857115
2015,2013.year,4.849226848370462,1.000011554534069,4.849170818461034,1.23978625222e-06,2.889240217359775,6.809213479381149
2015,2014.year,5.263036462390426,1.051293125584289,5.00625024011769,5.55005949668e-07,3.202539799050675,7.323533125730177
2015,2015.year,6.639093645946678,1.154057154868001,5.752829154034444,8.77621670951e-09,4.377183186304634,8.901004105588722
2015,2016.year,11.98793084416418,2.224600833999846,5.388800840557903,7.09293532374e-08,7.627793329546717,16.34806835878165
2015,2017.year,17.16223432236738,3.252364763078882,5.276847946821495,1.31424846971e-07,10.78771652214563,23.53675212258913
2015,2018.year,22.94664284124883,4.472424323287108,5.130694491971568,2.88675111774e-07,14.18085224402518,31.71243343847249
2015,2019.year,28.19793904970689,5.612679618438894,5.023970895661035,5.06139106290e-07,17.19728914080465,39.19858895860913
2015,2020.year,33.91100600643626,6.726569776238561,5.041352001762628,4.62254283378e-07,20.72717150551303,47.09484050735949
2015,2021.year,23.31881823665351,8.225947832145401,2.834788004067824,.0045856104109296,7.196256746943192,39.44137972636383
2015,2022.year,26.10485785298151,9.517107803077632,2.742940228599675,.006089176810994,7.451669321964239,44.75804638399878
2015,2023.year,29.6047724244493,10.71822202065548,2.762097329892669,.0057431355079593,8.59744328566045,50.61210156323816
2015,2024.year,29.64817127792167,10.76423045513048,2.754323349124383,.0058813629950791,8.550667264576735,50.74567529126661
2015,2025.year,29.64817127792167,10.76423045513048,2.754323349124383,.0058813629950791,8.550667264576735,50.74567529126661
